title,authors,journal,year,journal_link,doi,pdf_link
Assessing the differentiated impacts of COVID-19 on the immigration flows to Europe,,International Migration Review,2024,https://doi.org/10.1177/01979183241242445,10.1177/01979183241242445,https://doi.org/10.1177/01979183241242445
Machine learning forecasts suggest a concentration paradox in international student mobility to the United Kingdom,"Ruth Neville, Francisco Rowe, Emilio Zagheni",Nature Communications,2026,https://doi.org/10.1038/s41467-026-77425-z,10.1038/s41467-026-77425-z,https://www.nature.com/articles/s41467-026-77425-z.pdf
Making hidden biases visible in population location data from mobile phones,"Carmen Cabrera, Francisco Rowe",Royal Society Open Science,2026,https://doi.org/10.1098/rsos.251703,10.1098/rsos.251703,https://royalsocietypublishing.org/doi/pdf/10.1098/rsos.251703
Hate speech toward migrants on a citizen reporting platform concentrates in neighborhoods undergoing demographic change,"Eduardo Graells-Garrido, Daniela Opitz, Francisco Rowe, Carmen Cabrera",arXiv,2026,https://arxiv.org/abs/2608.12581,10.48550/arXiv.2608.12581,https://arxiv.org/pdf/2608.12581
"Living spaces, flows and structures across the EU internal borders","Matteo Berzi, Benedikt Herrmann, Mattia Albertini, Carmelo Attardo, Davide Auteri, Ricardo Barranco, Emmanuel Brunet-Jailly, Tobias Chilla, Lewis Dijkstra, Claire Duvernet, Maria Sigridur Finnsdottir, Aleksandra Galic, Philipp Gareis, Roland Gaugitsch, Elias Günther, Helga Kristin Hallgrimsdottir, Stefan Hippe, Chris Jacobs-Crisioni, Viktória Jánosi, Olle Järv, Mert Kompil, Andrius Kucas, Vit Paszto, Ate Poorthuis, Francisco Rowe, Jean Rubio, Nico Van De Weghe, Johan Van Der Valk, Ricardo Ferreira",Publications Office of the European Union / JRC Research Reports,2026,https://publications.jrc.ec.europa.eu/repository/handle/JRC145104,10.2760/8807158,
A Biographical Approach to Understand Long-Term Occupational Trajectories of Immigrants in the UK Labour Market,"Michael Mahony, Francisco Rowe","Population, Space and Place",2026,https://doi.org/10.1002/psp.70308,10.1002/psp.70308,https://onlinelibrary.wiley.com/doi/pdf/10.1002/psp.70308
"One country, multiple portraits: representativeness in GPS-based mobility data is source-specific and spatially dependent","Carmen Cabrera, Francisco Rowe, Miguel González-Leonardo, Juan Ignacio Vilchis-García, Elisa Omodei, Maribel Hernández-Rosales",arXiv,2026,https://arxiv.org/abs/2606.23616,10.48550/arXiv.2606.23616,https://arxiv.org/pdf/2606.23616
"Advancing sustainable geospatial analytics and geoinformatics through repeatable, reproducible, and expandable (RRE) framework and design","Siqin Wang, Xiao Huang, Filip Biljecki, Francisco Rowe, Veruska Muccione",International Journal of Applied Earth Observation and Geoinformation,2026,https://doi.org/10.1016/j.jag.2026.105239,10.1016/j.jag.2026.105239,
Situation report: Iran conflict. Digital trace data analysis - experimental,"Francisco Rowe, Carmen Cabrera, Elisabetta Pietrostefani, Matt Mason, Andrea Nasuto, Emiliano Beltran",OSF,2026,https://doi.org/10.31235/osf.io/4s7ve_v1,10.31235/osf.io/4s7ve_v1,
"Divergent impacts of internal migration on regional human capital in Latin America: concentration, deconcentration and limited effect","Miguel González-Leonardo, Francisco Rowe, Jorge Rodríguez-Vignoli",SocArXiv,2026,https://doi.org/10.31235/osf.io/u7ech_v1,10.31235/osf.io/u7ech_v1,
Global sequencing of researcher migration reveals factors associated with disparities in subnational patterns of brain gain and drain,"Hannah Slocombe, Francisco Rowe, Aliakbar Akbaritabar",MPIDR Working Papers,2026,https://doi.org/10.4054/MPIDR-WP-2026-018,10.4054/MPIDR-WP-2026-018,https://www.demogr.mpg.de/papers/working/wp-2026-018.pdf
Tweeting migration: A decade of shifting sentiment across local areas of Great Britain,"Matt Mason, Francisco Rowe",Journal of Ethnic and Migration Studies,2026,https://doi.org/10.1080/1369183X.2026.2700232,10.1080/1369183X.2026.2700232,https://www.tandfonline.com/doi/pdf/10.1080/1369183X.2026.2700232
